images,masks
/disk_data/data/carvical/Cx22/patches/training/images/a391.jpg,/disk_data/data/carvical/Cx22/patches/training/masks/a391_cyto_ins.jpg
/disk_data/data/carvical/Cx22/patches/training/images/a1.jpg,/disk_data/data/carvical/Cx22/patches/training/masks/a1_cyto_ins.jpg
/disk_data/data/carvical/Cx22/patches/training/images/a390.jpg,/disk_data/data/carvical/Cx22/patches/training/masks/a390_cyto_ins.jpg
/disk_data/data/carvical/Cx22/patches/training/images/a75.jpg,/disk_data/data/carvical/Cx22/patches/training/masks/a75_cyto_ins.jpg
/disk_data/data/carvical/Cx22/patches/training/images/a172.jpg,/disk_data/data/carvical/Cx22/patches/training/masks/a172_cyto_ins.jpg
/disk_data/data/carvical/Cx22/patches/training/images/a225.jpg,/disk_data/data/carvical/Cx22/patches/training/masks/a225_cyto_ins.jpg
/disk_data/data/carvical/Cx22/patches/training/images/a280.jpg,/disk_data/data/carvical/Cx22/patches/training/masks/a280_cyto_ins.jpg
/disk_data/data/carvical/Cx22/patches/training/images/a262.jpg,/disk_data/data/carvical/Cx22/patches/training/masks/a262_cyto_ins.jpg
/disk_data/data/carvical/Cx22/patches/training/images/a304.jpg,/disk_data/data/carvical/Cx22/patches/training/masks/a304_cyto_ins.jpg
/disk_data/data/carvical/Cx22/patches/training/images/a371.jpg,/disk_data/data/carvical/Cx22/patches/training/masks/a371_cyto_ins.jpg
/disk_data/data/carvical/Cx22/patches/training/images/a171.jpg,/disk_data/data/carvical/Cx22/patches/training/masks/a171_cyto_ins.jpg
/disk_data/data/carvical/Cx22/patches/training/images/a151.jpg,/disk_data/data/carvical/Cx22/patches/training/masks/a151_cyto_ins.jpg
/disk_data/data/carvical/Cx22/patches/training/images/a317.jpg,/disk_data/data/carvical/Cx22/patches/training/masks/a317_cyto_ins.jpg
/disk_data/data/carvical/Cx22/patches/training/images/a73.jpg,/disk_data/data/carvical/Cx22/patches/training/masks/a73_cyto_ins.jpg
/disk_data/data/carvical/Cx22/patches/training/images/a295.jpg,/disk_data/data/carvical/Cx22/patches/training/masks/a295_cyto_ins.jpg
/disk_data/data/carvical/Cx22/patches/training/images/a25.jpg,/disk_data/data/carvical/Cx22/patches/training/masks/a25_cyto_ins.jpg
/disk_data/data/carvical/Cx22/patches/training/images/a113.jpg,/disk_data/data/carvical/Cx22/patches/training/masks/a113_cyto_ins.jpg
/disk_data/data/carvical/Cx22/patches/training/images/a351.jpg,/disk_data/data/carvical/Cx22/patches/training/masks/a351_cyto_ins.jpg
/disk_data/data/carvical/Cx22/patches/training/images/a97.jpg,/disk_data/data/carvical/Cx22/patches/training/masks/a97_cyto_ins.jpg
/disk_data/data/carvical/Cx22/patches/training/images/a67.jpg,/disk_data/data/carvical/Cx22/patches/training/masks/a67_cyto_ins.jpg
/disk_data/data/carvical/Cx22/patches/training/images/a20.jpg,/disk_data/data/carvical/Cx22/patches/training/masks/a20_cyto_ins.jpg
/disk_data/data/carvical/Cx22/patches/training/images/a33.jpg,/disk_data/data/carvical/Cx22/patches/training/masks/a33_cyto_ins.jpg
/disk_data/data/carvical/Cx22/patches/training/images/a340.jpg,/disk_data/data/carvical/Cx22/patches/training/masks/a340_cyto_ins.jpg
/disk_data/data/carvical/Cx22/patches/training/images/a347.jpg,/disk_data/data/carvical/Cx22/patches/training/masks/a347_cyto_ins.jpg
/disk_data/data/carvical/Cx22/patches/training/images/a162.jpg,/disk_data/data/carvical/Cx22/patches/training/masks/a162_cyto_ins.jpg
/disk_data/data/carvical/Cx22/patches/training/images/a242.jpg,/disk_data/data/carvical/Cx22/patches/training/masks/a242_cyto_ins.jpg
/disk_data/data/carvical/Cx22/patches/training/images/a375.jpg,/disk_data/data/carvical/Cx22/patches/training/masks/a375_cyto_ins.jpg
/disk_data/data/carvical/Cx22/patches/training/images/a178.jpg,/disk_data/data/carvical/Cx22/patches/training/masks/a178_cyto_ins.jpg
/disk_data/data/carvical/Cx22/patches/training/images/a96.jpg,/disk_data/data/carvical/Cx22/patches/training/masks/a96_cyto_ins.jpg
/disk_data/data/carvical/Cx22/patches/training/images/a15.jpg,/disk_data/data/carvical/Cx22/patches/training/masks/a15_cyto_ins.jpg
/disk_data/data/carvical/Cx22/patches/training/images/a44.jpg,/disk_data/data/carvical/Cx22/patches/training/masks/a44_cyto_ins.jpg
/disk_data/data/carvical/Cx22/patches/training/images/a138.jpg,/disk_data/data/carvical/Cx22/patches/training/masks/a138_cyto_ins.jpg
/disk_data/data/carvical/Cx22/patches/training/images/a311.jpg,/disk_data/data/carvical/Cx22/patches/training/masks/a311_cyto_ins.jpg
/disk_data/data/carvical/Cx22/patches/training/images/a47.jpg,/disk_data/data/carvical/Cx22/patches/training/masks/a47_cyto_ins.jpg
/disk_data/data/carvical/Cx22/patches/training/images/a316.jpg,/disk_data/data/carvical/Cx22/patches/training/masks/a316_cyto_ins.jpg
/disk_data/data/carvical/Cx22/patches/training/images/a195.jpg,/disk_data/data/carvical/Cx22/patches/training/masks/a195_cyto_ins.jpg
/disk_data/data/carvical/Cx22/patches/training/images/a300.jpg,/disk_data/data/carvical/Cx22/patches/training/masks/a300_cyto_ins.jpg
/disk_data/data/carvical/Cx22/patches/training/images/a63.jpg,/disk_data/data/carvical/Cx22/patches/training/masks/a63_cyto_ins.jpg
/disk_data/data/carvical/Cx22/patches/training/images/a395.jpg,/disk_data/data/carvical/Cx22/patches/training/masks/a395_cyto_ins.jpg
/disk_data/data/carvical/Cx22/patches/training/images/a228.jpg,/disk_data/data/carvical/Cx22/patches/training/masks/a228_cyto_ins.jpg
/disk_data/data/carvical/Cx22/patches/training/images/a378.jpg,/disk_data/data/carvical/Cx22/patches/training/masks/a378_cyto_ins.jpg
/disk_data/data/carvical/Cx22/patches/training/images/a71.jpg,/disk_data/data/carvical/Cx22/patches/training/masks/a71_cyto_ins.jpg
/disk_data/data/carvical/Cx22/patches/training/images/a184.jpg,/disk_data/data/carvical/Cx22/patches/training/masks/a184_cyto_ins.jpg
/disk_data/data/carvical/Cx22/patches/training/images/a358.jpg,/disk_data/data/carvical/Cx22/patches/training/masks/a358_cyto_ins.jpg
/disk_data/data/carvical/Cx22/patches/training/images/a236.jpg,/disk_data/data/carvical/Cx22/patches/training/masks/a236_cyto_ins.jpg
/disk_data/data/carvical/Cx22/patches/training/images/a183.jpg,/disk_data/data/carvical/Cx22/patches/training/masks/a183_cyto_ins.jpg
/disk_data/data/carvical/Cx22/patches/training/images/a215.jpg,/disk_data/data/carvical/Cx22/patches/training/masks/a215_cyto_ins.jpg
/disk_data/data/carvical/Cx22/patches/training/images/a88.jpg,/disk_data/data/carvical/Cx22/patches/training/masks/a88_cyto_ins.jpg
/disk_data/data/carvical/Cx22/patches/training/images/a125.jpg,/disk_data/data/carvical/Cx22/patches/training/masks/a125_cyto_ins.jpg
/disk_data/data/carvical/Cx22/patches/training/images/a349.jpg,/disk_data/data/carvical/Cx22/patches/training/masks/a349_cyto_ins.jpg
/disk_data/data/carvical/Cx22/patches/training/images/a152.jpg,/disk_data/data/carvical/Cx22/patches/training/masks/a152_cyto_ins.jpg
/disk_data/data/carvical/Cx22/patches/training/images/a360.jpg,/disk_data/data/carvical/Cx22/patches/training/masks/a360_cyto_ins.jpg
/disk_data/data/carvical/Cx22/patches/training/images/a293.jpg,/disk_data/data/carvical/Cx22/patches/training/masks/a293_cyto_ins.jpg
/disk_data/data/carvical/Cx22/patches/training/images/a31.jpg,/disk_data/data/carvical/Cx22/patches/training/masks/a31_cyto_ins.jpg
/disk_data/data/carvical/Cx22/patches/training/images/a231.jpg,/disk_data/data/carvical/Cx22/patches/training/masks/a231_cyto_ins.jpg
/disk_data/data/carvical/Cx22/patches/training/images/a144.jpg,/disk_data/data/carvical/Cx22/patches/training/masks/a144_cyto_ins.jpg
/disk_data/data/carvical/Cx22/patches/training/images/a74.jpg,/disk_data/data/carvical/Cx22/patches/training/masks/a74_cyto_ins.jpg
/disk_data/data/carvical/Cx22/patches/training/images/a248.jpg,/disk_data/data/carvical/Cx22/patches/training/masks/a248_cyto_ins.jpg
/disk_data/data/carvical/Cx22/patches/training/images/a346.jpg,/disk_data/data/carvical/Cx22/patches/training/masks/a346_cyto_ins.jpg
/disk_data/data/carvical/Cx22/patches/training/images/a38.jpg,/disk_data/data/carvical/Cx22/patches/training/masks/a38_cyto_ins.jpg
/disk_data/data/carvical/Cx22/patches/training/images/a332.jpg,/disk_data/data/carvical/Cx22/patches/training/masks/a332_cyto_ins.jpg
/disk_data/data/carvical/Cx22/patches/training/images/a235.jpg,/disk_data/data/carvical/Cx22/patches/training/masks/a235_cyto_ins.jpg
/disk_data/data/carvical/Cx22/patches/training/images/a320.jpg,/disk_data/data/carvical/Cx22/patches/training/masks/a320_cyto_ins.jpg
/disk_data/data/carvical/Cx22/patches/training/images/a82.jpg,/disk_data/data/carvical/Cx22/patches/training/masks/a82_cyto_ins.jpg
/disk_data/data/carvical/Cx22/patches/training/images/a302.jpg,/disk_data/data/carvical/Cx22/patches/training/masks/a302_cyto_ins.jpg
/disk_data/data/carvical/Cx22/patches/training/images/a139.jpg,/disk_data/data/carvical/Cx22/patches/training/masks/a139_cyto_ins.jpg
/disk_data/data/carvical/Cx22/patches/training/images/a361.jpg,/disk_data/data/carvical/Cx22/patches/training/masks/a361_cyto_ins.jpg
/disk_data/data/carvical/Cx22/patches/training/images/a76.jpg,/disk_data/data/carvical/Cx22/patches/training/masks/a76_cyto_ins.jpg
/disk_data/data/carvical/Cx22/patches/training/images/a275.jpg,/disk_data/data/carvical/Cx22/patches/training/masks/a275_cyto_ins.jpg
/disk_data/data/carvical/Cx22/patches/training/images/a187.jpg,/disk_data/data/carvical/Cx22/patches/training/masks/a187_cyto_ins.jpg
/disk_data/data/carvical/Cx22/patches/training/images/a21.jpg,/disk_data/data/carvical/Cx22/patches/training/masks/a21_cyto_ins.jpg
/disk_data/data/carvical/Cx22/patches/training/images/a257.jpg,/disk_data/data/carvical/Cx22/patches/training/masks/a257_cyto_ins.jpg
/disk_data/data/carvical/Cx22/patches/training/images/a200.jpg,/disk_data/data/carvical/Cx22/patches/training/masks/a200_cyto_ins.jpg
/disk_data/data/carvical/Cx22/patches/training/images/a342.jpg,/disk_data/data/carvical/Cx22/patches/training/masks/a342_cyto_ins.jpg
/disk_data/data/carvical/Cx22/patches/training/images/a315.jpg,/disk_data/data/carvical/Cx22/patches/training/masks/a315_cyto_ins.jpg
/disk_data/data/carvical/Cx22/patches/training/images/a148.jpg,/disk_data/data/carvical/Cx22/patches/training/masks/a148_cyto_ins.jpg
/disk_data/data/carvical/Cx22/patches/training/images/a322.jpg,/disk_data/data/carvical/Cx22/patches/training/masks/a322_cyto_ins.jpg
/disk_data/data/carvical/Cx22/patches/training/images/a136.jpg,/disk_data/data/carvical/Cx22/patches/training/masks/a136_cyto_ins.jpg
/disk_data/data/carvical/Cx22/patches/training/images/a122.jpg,/disk_data/data/carvical/Cx22/patches/training/masks/a122_cyto_ins.jpg
/disk_data/data/carvical/Cx22/patches/training/images/a116.jpg,/disk_data/data/carvical/Cx22/patches/training/masks/a116_cyto_ins.jpg
/disk_data/data/carvical/Cx22/patches/training/images/a103.jpg,/disk_data/data/carvical/Cx22/patches/training/masks/a103_cyto_ins.jpg
/disk_data/data/carvical/Cx22/patches/training/images/a238.jpg,/disk_data/data/carvical/Cx22/patches/training/masks/a238_cyto_ins.jpg
/disk_data/data/carvical/Cx22/patches/training/images/a35.jpg,/disk_data/data/carvical/Cx22/patches/training/masks/a35_cyto_ins.jpg
/disk_data/data/carvical/Cx22/patches/training/images/a89.jpg,/disk_data/data/carvical/Cx22/patches/training/masks/a89_cyto_ins.jpg
/disk_data/data/carvical/Cx22/patches/training/images/a288.jpg,/disk_data/data/carvical/Cx22/patches/training/masks/a288_cyto_ins.jpg
/disk_data/data/carvical/Cx22/patches/training/images/a363.jpg,/disk_data/data/carvical/Cx22/patches/training/masks/a363_cyto_ins.jpg
/disk_data/data/carvical/Cx22/patches/training/images/a381.jpg,/disk_data/data/carvical/Cx22/patches/training/masks/a381_cyto_ins.jpg
/disk_data/data/carvical/Cx22/patches/training/images/a132.jpg,/disk_data/data/carvical/Cx22/patches/training/masks/a132_cyto_ins.jpg
/disk_data/data/carvical/Cx22/patches/training/images/a176.jpg,/disk_data/data/carvical/Cx22/patches/training/masks/a176_cyto_ins.jpg
/disk_data/data/carvical/Cx22/patches/training/images/a149.jpg,/disk_data/data/carvical/Cx22/patches/training/masks/a149_cyto_ins.jpg
/disk_data/data/carvical/Cx22/patches/training/images/a192.jpg,/disk_data/data/carvical/Cx22/patches/training/masks/a192_cyto_ins.jpg
/disk_data/data/carvical/Cx22/patches/training/images/a234.jpg,/disk_data/data/carvical/Cx22/patches/training/masks/a234_cyto_ins.jpg
/disk_data/data/carvical/Cx22/patches/training/images/a0.jpg,/disk_data/data/carvical/Cx22/patches/training/masks/a0_cyto_ins.jpg
/disk_data/data/carvical/Cx22/patches/training/images/a244.jpg,/disk_data/data/carvical/Cx22/patches/training/masks/a244_cyto_ins.jpg
/disk_data/data/carvical/Cx22/patches/training/images/a268.jpg,/disk_data/data/carvical/Cx22/patches/training/masks/a268_cyto_ins.jpg
/disk_data/data/carvical/Cx22/patches/training/images/a108.jpg,/disk_data/data/carvical/Cx22/patches/training/masks/a108_cyto_ins.jpg
/disk_data/data/carvical/Cx22/patches/training/images/a306.jpg,/disk_data/data/carvical/Cx22/patches/training/masks/a306_cyto_ins.jpg
/disk_data/data/carvical/Cx22/patches/training/images/a282.jpg,/disk_data/data/carvical/Cx22/patches/training/masks/a282_cyto_ins.jpg
/disk_data/data/carvical/Cx22/patches/training/images/a367.jpg,/disk_data/data/carvical/Cx22/patches/training/masks/a367_cyto_ins.jpg
/disk_data/data/carvical/Cx22/patches/training/images/a297.jpg,/disk_data/data/carvical/Cx22/patches/training/masks/a297_cyto_ins.jpg
/disk_data/data/carvical/Cx22/patches/training/images/a348.jpg,/disk_data/data/carvical/Cx22/patches/training/masks/a348_cyto_ins.jpg
/disk_data/data/carvical/Cx22/patches/training/images/a269.jpg,/disk_data/data/carvical/Cx22/patches/training/masks/a269_cyto_ins.jpg
/disk_data/data/carvical/Cx22/patches/training/images/a207.jpg,/disk_data/data/carvical/Cx22/patches/training/masks/a207_cyto_ins.jpg
/disk_data/data/carvical/Cx22/patches/training/images/a273.jpg,/disk_data/data/carvical/Cx22/patches/training/masks/a273_cyto_ins.jpg
/disk_data/data/carvical/Cx22/patches/training/images/a155.jpg,/disk_data/data/carvical/Cx22/patches/training/masks/a155_cyto_ins.jpg
/disk_data/data/carvical/Cx22/patches/training/images/a3.jpg,/disk_data/data/carvical/Cx22/patches/training/masks/a3_cyto_ins.jpg
/disk_data/data/carvical/Cx22/patches/training/images/a337.jpg,/disk_data/data/carvical/Cx22/patches/training/masks/a337_cyto_ins.jpg
/disk_data/data/carvical/Cx22/patches/training/images/a2.jpg,/disk_data/data/carvical/Cx22/patches/training/masks/a2_cyto_ins.jpg
/disk_data/data/carvical/Cx22/patches/training/images/a292.jpg,/disk_data/data/carvical/Cx22/patches/training/masks/a292_cyto_ins.jpg
/disk_data/data/carvical/Cx22/patches/training/images/a393.jpg,/disk_data/data/carvical/Cx22/patches/training/masks/a393_cyto_ins.jpg
/disk_data/data/carvical/Cx22/patches/training/images/a265.jpg,/disk_data/data/carvical/Cx22/patches/training/masks/a265_cyto_ins.jpg
/disk_data/data/carvical/Cx22/patches/training/images/a377.jpg,/disk_data/data/carvical/Cx22/patches/training/masks/a377_cyto_ins.jpg
/disk_data/data/carvical/Cx22/patches/training/images/a23.jpg,/disk_data/data/carvical/Cx22/patches/training/masks/a23_cyto_ins.jpg
/disk_data/data/carvical/Cx22/patches/training/images/a94.jpg,/disk_data/data/carvical/Cx22/patches/training/masks/a94_cyto_ins.jpg
/disk_data/data/carvical/Cx22/patches/training/images/a264.jpg,/disk_data/data/carvical/Cx22/patches/training/masks/a264_cyto_ins.jpg
/disk_data/data/carvical/Cx22/patches/training/images/a66.jpg,/disk_data/data/carvical/Cx22/patches/training/masks/a66_cyto_ins.jpg
/disk_data/data/carvical/Cx22/patches/training/images/a101.jpg,/disk_data/data/carvical/Cx22/patches/training/masks/a101_cyto_ins.jpg
/disk_data/data/carvical/Cx22/patches/training/images/a52.jpg,/disk_data/data/carvical/Cx22/patches/training/masks/a52_cyto_ins.jpg
/disk_data/data/carvical/Cx22/patches/training/images/a246.jpg,/disk_data/data/carvical/Cx22/patches/training/masks/a246_cyto_ins.jpg
/disk_data/data/carvical/Cx22/patches/training/images/a319.jpg,/disk_data/data/carvical/Cx22/patches/training/masks/a319_cyto_ins.jpg
/disk_data/data/carvical/Cx22/patches/training/images/a287.jpg,/disk_data/data/carvical/Cx22/patches/training/masks/a287_cyto_ins.jpg
/disk_data/data/carvical/Cx22/patches/training/images/a70.jpg,/disk_data/data/carvical/Cx22/patches/training/masks/a70_cyto_ins.jpg
/disk_data/data/carvical/Cx22/patches/training/images/a210.jpg,/disk_data/data/carvical/Cx22/patches/training/masks/a210_cyto_ins.jpg
/disk_data/data/carvical/Cx22/patches/training/images/a133.jpg,/disk_data/data/carvical/Cx22/patches/training/masks/a133_cyto_ins.jpg
/disk_data/data/carvical/Cx22/patches/training/images/a80.jpg,/disk_data/data/carvical/Cx22/patches/training/masks/a80_cyto_ins.jpg
/disk_data/data/carvical/Cx22/patches/training/images/a83.jpg,/disk_data/data/carvical/Cx22/patches/training/masks/a83_cyto_ins.jpg
/disk_data/data/carvical/Cx22/patches/training/images/a303.jpg,/disk_data/data/carvical/Cx22/patches/training/masks/a303_cyto_ins.jpg
/disk_data/data/carvical/Cx22/patches/training/images/a365.jpg,/disk_data/data/carvical/Cx22/patches/training/masks/a365_cyto_ins.jpg
/disk_data/data/carvical/Cx22/patches/training/images/a68.jpg,/disk_data/data/carvical/Cx22/patches/training/masks/a68_cyto_ins.jpg
/disk_data/data/carvical/Cx22/patches/training/images/a112.jpg,/disk_data/data/carvical/Cx22/patches/training/masks/a112_cyto_ins.jpg
/disk_data/data/carvical/Cx22/patches/training/images/a224.jpg,/disk_data/data/carvical/Cx22/patches/training/masks/a224_cyto_ins.jpg
/disk_data/data/carvical/Cx22/patches/training/images/a131.jpg,/disk_data/data/carvical/Cx22/patches/training/masks/a131_cyto_ins.jpg
/disk_data/data/carvical/Cx22/patches/training/images/a335.jpg,/disk_data/data/carvical/Cx22/patches/training/masks/a335_cyto_ins.jpg
/disk_data/data/carvical/Cx22/patches/training/images/a376.jpg,/disk_data/data/carvical/Cx22/patches/training/masks/a376_cyto_ins.jpg
/disk_data/data/carvical/Cx22/patches/training/images/a281.jpg,/disk_data/data/carvical/Cx22/patches/training/masks/a281_cyto_ins.jpg
/disk_data/data/carvical/Cx22/patches/training/images/a247.jpg,/disk_data/data/carvical/Cx22/patches/training/masks/a247_cyto_ins.jpg
/disk_data/data/carvical/Cx22/patches/training/images/a110.jpg,/disk_data/data/carvical/Cx22/patches/training/masks/a110_cyto_ins.jpg
/disk_data/data/carvical/Cx22/patches/training/images/a291.jpg,/disk_data/data/carvical/Cx22/patches/training/masks/a291_cyto_ins.jpg
/disk_data/data/carvical/Cx22/patches/training/images/a284.jpg,/disk_data/data/carvical/Cx22/patches/training/masks/a284_cyto_ins.jpg
/disk_data/data/carvical/Cx22/patches/training/images/a181.jpg,/disk_data/data/carvical/Cx22/patches/training/masks/a181_cyto_ins.jpg
/disk_data/data/carvical/Cx22/patches/training/images/a278.jpg,/disk_data/data/carvical/Cx22/patches/training/masks/a278_cyto_ins.jpg
/disk_data/data/carvical/Cx22/patches/training/images/a279.jpg,/disk_data/data/carvical/Cx22/patches/training/masks/a279_cyto_ins.jpg
/disk_data/data/carvical/Cx22/patches/training/images/a16.jpg,/disk_data/data/carvical/Cx22/patches/training/masks/a16_cyto_ins.jpg
/disk_data/data/carvical/Cx22/patches/training/images/a208.jpg,/disk_data/data/carvical/Cx22/patches/training/masks/a208_cyto_ins.jpg
/disk_data/data/carvical/Cx22/patches/training/images/a206.jpg,/disk_data/data/carvical/Cx22/patches/training/masks/a206_cyto_ins.jpg
/disk_data/data/carvical/Cx22/patches/training/images/a62.jpg,/disk_data/data/carvical/Cx22/patches/training/masks/a62_cyto_ins.jpg
/disk_data/data/carvical/Cx22/patches/training/images/a30.jpg,/disk_data/data/carvical/Cx22/patches/training/masks/a30_cyto_ins.jpg
/disk_data/data/carvical/Cx22/patches/training/images/a252.jpg,/disk_data/data/carvical/Cx22/patches/training/masks/a252_cyto_ins.jpg
/disk_data/data/carvical/Cx22/patches/training/images/a385.jpg,/disk_data/data/carvical/Cx22/patches/training/masks/a385_cyto_ins.jpg
/disk_data/data/carvical/Cx22/patches/training/images/a50.jpg,/disk_data/data/carvical/Cx22/patches/training/masks/a50_cyto_ins.jpg
/disk_data/data/carvical/Cx22/patches/training/images/a318.jpg,/disk_data/data/carvical/Cx22/patches/training/masks/a318_cyto_ins.jpg
/disk_data/data/carvical/Cx22/patches/training/images/a230.jpg,/disk_data/data/carvical/Cx22/patches/training/masks/a230_cyto_ins.jpg
/disk_data/data/carvical/Cx22/patches/training/images/a79.jpg,/disk_data/data/carvical/Cx22/patches/training/masks/a79_cyto_ins.jpg
/disk_data/data/carvical/Cx22/patches/training/images/a180.jpg,/disk_data/data/carvical/Cx22/patches/training/masks/a180_cyto_ins.jpg
/disk_data/data/carvical/Cx22/patches/training/images/a99.jpg,/disk_data/data/carvical/Cx22/patches/training/masks/a99_cyto_ins.jpg
/disk_data/data/carvical/Cx22/patches/training/images/a226.jpg,/disk_data/data/carvical/Cx22/patches/training/masks/a226_cyto_ins.jpg
/disk_data/data/carvical/Cx22/patches/training/images/a54.jpg,/disk_data/data/carvical/Cx22/patches/training/masks/a54_cyto_ins.jpg
/disk_data/data/carvical/Cx22/patches/training/images/a301.jpg,/disk_data/data/carvical/Cx22/patches/training/masks/a301_cyto_ins.jpg
/disk_data/data/carvical/Cx22/patches/training/images/a330.jpg,/disk_data/data/carvical/Cx22/patches/training/masks/a330_cyto_ins.jpg
/disk_data/data/carvical/Cx22/patches/training/images/a37.jpg,/disk_data/data/carvical/Cx22/patches/training/masks/a37_cyto_ins.jpg
/disk_data/data/carvical/Cx22/patches/training/images/a213.jpg,/disk_data/data/carvical/Cx22/patches/training/masks/a213_cyto_ins.jpg
/disk_data/data/carvical/Cx22/patches/training/images/a253.jpg,/disk_data/data/carvical/Cx22/patches/training/masks/a253_cyto_ins.jpg
/disk_data/data/carvical/Cx22/patches/training/images/a276.jpg,/disk_data/data/carvical/Cx22/patches/training/masks/a276_cyto_ins.jpg
/disk_data/data/carvical/Cx22/patches/training/images/a394.jpg,/disk_data/data/carvical/Cx22/patches/training/masks/a394_cyto_ins.jpg
/disk_data/data/carvical/Cx22/patches/training/images/a239.jpg,/disk_data/data/carvical/Cx22/patches/training/masks/a239_cyto_ins.jpg
/disk_data/data/carvical/Cx22/patches/training/images/a48.jpg,/disk_data/data/carvical/Cx22/patches/training/masks/a48_cyto_ins.jpg
/disk_data/data/carvical/Cx22/patches/training/images/a324.jpg,/disk_data/data/carvical/Cx22/patches/training/masks/a324_cyto_ins.jpg
/disk_data/data/carvical/Cx22/patches/training/images/a243.jpg,/disk_data/data/carvical/Cx22/patches/training/masks/a243_cyto_ins.jpg
/disk_data/data/carvical/Cx22/patches/training/images/a45.jpg,/disk_data/data/carvical/Cx22/patches/training/masks/a45_cyto_ins.jpg
/disk_data/data/carvical/Cx22/patches/training/images/a326.jpg,/disk_data/data/carvical/Cx22/patches/training/masks/a326_cyto_ins.jpg
/disk_data/data/carvical/Cx22/patches/training/images/a261.jpg,/disk_data/data/carvical/Cx22/patches/training/masks/a261_cyto_ins.jpg
/disk_data/data/carvical/Cx22/patches/training/images/a227.jpg,/disk_data/data/carvical/Cx22/patches/training/masks/a227_cyto_ins.jpg
/disk_data/data/carvical/Cx22/patches/training/images/a214.jpg,/disk_data/data/carvical/Cx22/patches/training/masks/a214_cyto_ins.jpg
/disk_data/data/carvical/Cx22/patches/training/images/a258.jpg,/disk_data/data/carvical/Cx22/patches/training/masks/a258_cyto_ins.jpg
/disk_data/data/carvical/Cx22/patches/training/images/a331.jpg,/disk_data/data/carvical/Cx22/patches/training/masks/a331_cyto_ins.jpg
/disk_data/data/carvical/Cx22/patches/training/images/a308.jpg,/disk_data/data/carvical/Cx22/patches/training/masks/a308_cyto_ins.jpg
/disk_data/data/carvical/Cx22/patches/training/images/a374.jpg,/disk_data/data/carvical/Cx22/patches/training/masks/a374_cyto_ins.jpg
/disk_data/data/carvical/Cx22/patches/training/images/a46.jpg,/disk_data/data/carvical/Cx22/patches/training/masks/a46_cyto_ins.jpg
/disk_data/data/carvical/Cx22/patches/training/images/a84.jpg,/disk_data/data/carvical/Cx22/patches/training/masks/a84_cyto_ins.jpg
/disk_data/data/carvical/Cx22/patches/training/images/a188.jpg,/disk_data/data/carvical/Cx22/patches/training/masks/a188_cyto_ins.jpg
/disk_data/data/carvical/Cx22/patches/training/images/a143.jpg,/disk_data/data/carvical/Cx22/patches/training/masks/a143_cyto_ins.jpg
/disk_data/data/carvical/Cx22/patches/training/images/a388.jpg,/disk_data/data/carvical/Cx22/patches/training/masks/a388_cyto_ins.jpg
/disk_data/data/carvical/Cx22/patches/training/images/a9.jpg,/disk_data/data/carvical/Cx22/patches/training/masks/a9_cyto_ins.jpg
/disk_data/data/carvical/Cx22/patches/training/images/a336.jpg,/disk_data/data/carvical/Cx22/patches/training/masks/a336_cyto_ins.jpg
/disk_data/data/carvical/Cx22/patches/training/images/a250.jpg,/disk_data/data/carvical/Cx22/patches/training/masks/a250_cyto_ins.jpg
/disk_data/data/carvical/Cx22/patches/training/images/a123.jpg,/disk_data/data/carvical/Cx22/patches/training/masks/a123_cyto_ins.jpg
/disk_data/data/carvical/Cx22/patches/training/images/a219.jpg,/disk_data/data/carvical/Cx22/patches/training/masks/a219_cyto_ins.jpg
/disk_data/data/carvical/Cx22/patches/training/images/a364.jpg,/disk_data/data/carvical/Cx22/patches/training/masks/a364_cyto_ins.jpg
/disk_data/data/carvical/Cx22/patches/training/images/a389.jpg,/disk_data/data/carvical/Cx22/patches/training/masks/a389_cyto_ins.jpg
/disk_data/data/carvical/Cx22/patches/training/images/a296.jpg,/disk_data/data/carvical/Cx22/patches/training/masks/a296_cyto_ins.jpg
/disk_data/data/carvical/Cx22/patches/training/images/a266.jpg,/disk_data/data/carvical/Cx22/patches/training/masks/a266_cyto_ins.jpg
/disk_data/data/carvical/Cx22/patches/training/images/a344.jpg,/disk_data/data/carvical/Cx22/patches/training/masks/a344_cyto_ins.jpg
/disk_data/data/carvical/Cx22/patches/training/images/a366.jpg,/disk_data/data/carvical/Cx22/patches/training/masks/a366_cyto_ins.jpg
/disk_data/data/carvical/Cx22/patches/training/images/a338.jpg,/disk_data/data/carvical/Cx22/patches/training/masks/a338_cyto_ins.jpg
/disk_data/data/carvical/Cx22/patches/training/images/a150.jpg,/disk_data/data/carvical/Cx22/patches/training/masks/a150_cyto_ins.jpg
/disk_data/data/carvical/Cx22/patches/training/images/a100.jpg,/disk_data/data/carvical/Cx22/patches/training/masks/a100_cyto_ins.jpg
/disk_data/data/carvical/Cx22/patches/training/images/a350.jpg,/disk_data/data/carvical/Cx22/patches/training/masks/a350_cyto_ins.jpg
/disk_data/data/carvical/Cx22/patches/training/images/a370.jpg,/disk_data/data/carvical/Cx22/patches/training/masks/a370_cyto_ins.jpg
/disk_data/data/carvical/Cx22/patches/training/images/a95.jpg,/disk_data/data/carvical/Cx22/patches/training/masks/a95_cyto_ins.jpg
/disk_data/data/carvical/Cx22/patches/training/images/a357.jpg,/disk_data/data/carvical/Cx22/patches/training/masks/a357_cyto_ins.jpg
/disk_data/data/carvical/Cx22/patches/training/images/a64.jpg,/disk_data/data/carvical/Cx22/patches/training/masks/a64_cyto_ins.jpg
/disk_data/data/carvical/Cx22/patches/training/images/a298.jpg,/disk_data/data/carvical/Cx22/patches/training/masks/a298_cyto_ins.jpg
/disk_data/data/carvical/Cx22/patches/training/images/a90.jpg,/disk_data/data/carvical/Cx22/patches/training/masks/a90_cyto_ins.jpg
/disk_data/data/carvical/Cx22/patches/training/images/a254.jpg,/disk_data/data/carvical/Cx22/patches/training/masks/a254_cyto_ins.jpg
/disk_data/data/carvical/Cx22/patches/training/images/a127.jpg,/disk_data/data/carvical/Cx22/patches/training/masks/a127_cyto_ins.jpg
/disk_data/data/carvical/Cx22/patches/training/images/a43.jpg,/disk_data/data/carvical/Cx22/patches/training/masks/a43_cyto_ins.jpg
/disk_data/data/carvical/Cx22/patches/training/images/a39.jpg,/disk_data/data/carvical/Cx22/patches/training/masks/a39_cyto_ins.jpg
/disk_data/data/carvical/Cx22/patches/training/images/a145.jpg,/disk_data/data/carvical/Cx22/patches/training/masks/a145_cyto_ins.jpg
/disk_data/data/carvical/Cx22/patches/training/images/a104.jpg,/disk_data/data/carvical/Cx22/patches/training/masks/a104_cyto_ins.jpg
/disk_data/data/carvical/Cx22/patches/training/images/a325.jpg,/disk_data/data/carvical/Cx22/patches/training/masks/a325_cyto_ins.jpg
/disk_data/data/carvical/Cx22/patches/training/images/a201.jpg,/disk_data/data/carvical/Cx22/patches/training/masks/a201_cyto_ins.jpg
/disk_data/data/carvical/Cx22/patches/training/images/a98.jpg,/disk_data/data/carvical/Cx22/patches/training/masks/a98_cyto_ins.jpg
/disk_data/data/carvical/Cx22/patches/training/images/a174.jpg,/disk_data/data/carvical/Cx22/patches/training/masks/a174_cyto_ins.jpg
/disk_data/data/carvical/Cx22/patches/training/images/a111.jpg,/disk_data/data/carvical/Cx22/patches/training/masks/a111_cyto_ins.jpg
/disk_data/data/carvical/Cx22/patches/training/images/a329.jpg,/disk_data/data/carvical/Cx22/patches/training/masks/a329_cyto_ins.jpg
/disk_data/data/carvical/Cx22/patches/training/images/a85.jpg,/disk_data/data/carvical/Cx22/patches/training/masks/a85_cyto_ins.jpg
/disk_data/data/carvical/Cx22/patches/training/images/a190.jpg,/disk_data/data/carvical/Cx22/patches/training/masks/a190_cyto_ins.jpg
/disk_data/data/carvical/Cx22/patches/training/images/a373.jpg,/disk_data/data/carvical/Cx22/patches/training/masks/a373_cyto_ins.jpg
/disk_data/data/carvical/Cx22/patches/training/images/a379.jpg,/disk_data/data/carvical/Cx22/patches/training/masks/a379_cyto_ins.jpg
/disk_data/data/carvical/Cx22/patches/training/images/a166.jpg,/disk_data/data/carvical/Cx22/patches/training/masks/a166_cyto_ins.jpg
/disk_data/data/carvical/Cx22/patches/training/images/a312.jpg,/disk_data/data/carvical/Cx22/patches/training/masks/a312_cyto_ins.jpg
/disk_data/data/carvical/Cx22/patches/training/images/a263.jpg,/disk_data/data/carvical/Cx22/patches/training/masks/a263_cyto_ins.jpg
/disk_data/data/carvical/Cx22/patches/training/images/a397.jpg,/disk_data/data/carvical/Cx22/patches/training/masks/a397_cyto_ins.jpg
/disk_data/data/carvical/Cx22/patches/training/images/a353.jpg,/disk_data/data/carvical/Cx22/patches/training/masks/a353_cyto_ins.jpg
/disk_data/data/carvical/Cx22/patches/training/images/a345.jpg,/disk_data/data/carvical/Cx22/patches/training/masks/a345_cyto_ins.jpg
/disk_data/data/carvical/Cx22/patches/training/images/a299.jpg,/disk_data/data/carvical/Cx22/patches/training/masks/a299_cyto_ins.jpg
/disk_data/data/carvical/Cx22/patches/training/images/a237.jpg,/disk_data/data/carvical/Cx22/patches/training/masks/a237_cyto_ins.jpg
/disk_data/data/carvical/Cx22/patches/training/images/a313.jpg,/disk_data/data/carvical/Cx22/patches/training/masks/a313_cyto_ins.jpg
/disk_data/data/carvical/Cx22/patches/training/images/a256.jpg,/disk_data/data/carvical/Cx22/patches/training/masks/a256_cyto_ins.jpg
/disk_data/data/carvical/Cx22/patches/training/images/a142.jpg,/disk_data/data/carvical/Cx22/patches/training/masks/a142_cyto_ins.jpg
/disk_data/data/carvical/Cx22/patches/training/images/a72.jpg,/disk_data/data/carvical/Cx22/patches/training/masks/a72_cyto_ins.jpg
/disk_data/data/carvical/Cx22/patches/training/images/a36.jpg,/disk_data/data/carvical/Cx22/patches/training/masks/a36_cyto_ins.jpg
/disk_data/data/carvical/Cx22/patches/training/images/a42.jpg,/disk_data/data/carvical/Cx22/patches/training/masks/a42_cyto_ins.jpg
/disk_data/data/carvical/Cx22/patches/training/images/a352.jpg,/disk_data/data/carvical/Cx22/patches/training/masks/a352_cyto_ins.jpg
/disk_data/data/carvical/Cx22/patches/training/images/a87.jpg,/disk_data/data/carvical/Cx22/patches/training/masks/a87_cyto_ins.jpg
/disk_data/data/carvical/Cx22/patches/training/images/a218.jpg,/disk_data/data/carvical/Cx22/patches/training/masks/a218_cyto_ins.jpg
/disk_data/data/carvical/Cx22/patches/training/images/a157.jpg,/disk_data/data/carvical/Cx22/patches/training/masks/a157_cyto_ins.jpg
/disk_data/data/carvical/Cx22/patches/training/images/a194.jpg,/disk_data/data/carvical/Cx22/patches/training/masks/a194_cyto_ins.jpg
/disk_data/data/carvical/Cx22/patches/training/images/a321.jpg,/disk_data/data/carvical/Cx22/patches/training/masks/a321_cyto_ins.jpg
/disk_data/data/carvical/Cx22/patches/training/images/a223.jpg,/disk_data/data/carvical/Cx22/patches/training/masks/a223_cyto_ins.jpg
/disk_data/data/carvical/Cx22/patches/training/images/a164.jpg,/disk_data/data/carvical/Cx22/patches/training/masks/a164_cyto_ins.jpg
/disk_data/data/carvical/Cx22/patches/training/images/a368.jpg,/disk_data/data/carvical/Cx22/patches/training/masks/a368_cyto_ins.jpg
/disk_data/data/carvical/Cx22/patches/training/images/a126.jpg,/disk_data/data/carvical/Cx22/patches/training/masks/a126_cyto_ins.jpg
/disk_data/data/carvical/Cx22/patches/training/images/a135.jpg,/disk_data/data/carvical/Cx22/patches/training/masks/a135_cyto_ins.jpg
/disk_data/data/carvical/Cx22/patches/training/images/a232.jpg,/disk_data/data/carvical/Cx22/patches/training/masks/a232_cyto_ins.jpg
/disk_data/data/carvical/Cx22/patches/training/images/a196.jpg,/disk_data/data/carvical/Cx22/patches/training/masks/a196_cyto_ins.jpg
/disk_data/data/carvical/Cx22/patches/training/images/a271.jpg,/disk_data/data/carvical/Cx22/patches/training/masks/a271_cyto_ins.jpg
/disk_data/data/carvical/Cx22/patches/training/images/a182.jpg,/disk_data/data/carvical/Cx22/patches/training/masks/a182_cyto_ins.jpg
/disk_data/data/carvical/Cx22/patches/training/images/a277.jpg,/disk_data/data/carvical/Cx22/patches/training/masks/a277_cyto_ins.jpg
/disk_data/data/carvical/Cx22/patches/training/images/a294.jpg,/disk_data/data/carvical/Cx22/patches/training/masks/a294_cyto_ins.jpg
/disk_data/data/carvical/Cx22/patches/training/images/a69.jpg,/disk_data/data/carvical/Cx22/patches/training/masks/a69_cyto_ins.jpg
/disk_data/data/carvical/Cx22/patches/training/images/a17.jpg,/disk_data/data/carvical/Cx22/patches/training/masks/a17_cyto_ins.jpg
/disk_data/data/carvical/Cx22/patches/training/images/a314.jpg,/disk_data/data/carvical/Cx22/patches/training/masks/a314_cyto_ins.jpg
/disk_data/data/carvical/Cx22/patches/training/images/a120.jpg,/disk_data/data/carvical/Cx22/patches/training/masks/a120_cyto_ins.jpg
/disk_data/data/carvical/Cx22/patches/training/images/a128.jpg,/disk_data/data/carvical/Cx22/patches/training/masks/a128_cyto_ins.jpg
/disk_data/data/carvical/Cx22/patches/training/images/a356.jpg,/disk_data/data/carvical/Cx22/patches/training/masks/a356_cyto_ins.jpg
/disk_data/data/carvical/Cx22/patches/training/images/a216.jpg,/disk_data/data/carvical/Cx22/patches/training/masks/a216_cyto_ins.jpg
/disk_data/data/carvical/Cx22/patches/training/images/a22.jpg,/disk_data/data/carvical/Cx22/patches/training/masks/a22_cyto_ins.jpg
/disk_data/data/carvical/Cx22/patches/training/images/a92.jpg,/disk_data/data/carvical/Cx22/patches/training/masks/a92_cyto_ins.jpg
/disk_data/data/carvical/Cx22/patches/training/images/a217.jpg,/disk_data/data/carvical/Cx22/patches/training/masks/a217_cyto_ins.jpg
/disk_data/data/carvical/Cx22/patches/training/images/a272.jpg,/disk_data/data/carvical/Cx22/patches/training/masks/a272_cyto_ins.jpg
/disk_data/data/carvical/Cx22/patches/training/images/a193.jpg,/disk_data/data/carvical/Cx22/patches/training/masks/a193_cyto_ins.jpg
/disk_data/data/carvical/Cx22/patches/training/images/a159.jpg,/disk_data/data/carvical/Cx22/patches/training/masks/a159_cyto_ins.jpg
/disk_data/data/carvical/Cx22/patches/training/images/a185.jpg,/disk_data/data/carvical/Cx22/patches/training/masks/a185_cyto_ins.jpg
/disk_data/data/carvical/Cx22/patches/training/images/a115.jpg,/disk_data/data/carvical/Cx22/patches/training/masks/a115_cyto_ins.jpg
/disk_data/data/carvical/Cx22/patches/training/images/a134.jpg,/disk_data/data/carvical/Cx22/patches/training/masks/a134_cyto_ins.jpg
/disk_data/data/carvical/Cx22/patches/training/images/a137.jpg,/disk_data/data/carvical/Cx22/patches/training/masks/a137_cyto_ins.jpg
/disk_data/data/carvical/Cx22/patches/training/images/a65.jpg,/disk_data/data/carvical/Cx22/patches/training/masks/a65_cyto_ins.jpg
/disk_data/data/carvical/Cx22/patches/training/images/a114.jpg,/disk_data/data/carvical/Cx22/patches/training/masks/a114_cyto_ins.jpg
/disk_data/data/carvical/Cx22/patches/training/images/a165.jpg,/disk_data/data/carvical/Cx22/patches/training/masks/a165_cyto_ins.jpg
/disk_data/data/carvical/Cx22/patches/training/images/a186.jpg,/disk_data/data/carvical/Cx22/patches/training/masks/a186_cyto_ins.jpg
/disk_data/data/carvical/Cx22/patches/training/images/a106.jpg,/disk_data/data/carvical/Cx22/patches/training/masks/a106_cyto_ins.jpg
/disk_data/data/carvical/Cx22/patches/training/images/a86.jpg,/disk_data/data/carvical/Cx22/patches/training/masks/a86_cyto_ins.jpg
/disk_data/data/carvical/Cx22/patches/training/images/a383.jpg,/disk_data/data/carvical/Cx22/patches/training/masks/a383_cyto_ins.jpg
/disk_data/data/carvical/Cx22/patches/training/images/a167.jpg,/disk_data/data/carvical/Cx22/patches/training/masks/a167_cyto_ins.jpg
/disk_data/data/carvical/Cx22/patches/training/images/a204.jpg,/disk_data/data/carvical/Cx22/patches/training/masks/a204_cyto_ins.jpg
/disk_data/data/carvical/Cx22/patches/training/images/a105.jpg,/disk_data/data/carvical/Cx22/patches/training/masks/a105_cyto_ins.jpg
/disk_data/data/carvical/Cx22/patches/training/images/a177.jpg,/disk_data/data/carvical/Cx22/patches/training/masks/a177_cyto_ins.jpg
/disk_data/data/carvical/Cx22/patches/training/images/a233.jpg,/disk_data/data/carvical/Cx22/patches/training/masks/a233_cyto_ins.jpg
/disk_data/data/carvical/Cx22/patches/training/images/a354.jpg,/disk_data/data/carvical/Cx22/patches/training/masks/a354_cyto_ins.jpg
/disk_data/data/carvical/Cx22/patches/training/images/a290.jpg,/disk_data/data/carvical/Cx22/patches/training/masks/a290_cyto_ins.jpg
/disk_data/data/carvical/Cx22/patches/training/images/a13.jpg,/disk_data/data/carvical/Cx22/patches/training/masks/a13_cyto_ins.jpg
/disk_data/data/carvical/Cx22/patches/training/images/a58.jpg,/disk_data/data/carvical/Cx22/patches/training/masks/a58_cyto_ins.jpg
/disk_data/data/carvical/Cx22/patches/training/images/a259.jpg,/disk_data/data/carvical/Cx22/patches/training/masks/a259_cyto_ins.jpg
/disk_data/data/carvical/Cx22/patches/training/images/a160.jpg,/disk_data/data/carvical/Cx22/patches/training/masks/a160_cyto_ins.jpg
/disk_data/data/carvical/Cx22/patches/training/images/a392.jpg,/disk_data/data/carvical/Cx22/patches/training/masks/a392_cyto_ins.jpg
/disk_data/data/carvical/Cx22/patches/training/images/a121.jpg,/disk_data/data/carvical/Cx22/patches/training/masks/a121_cyto_ins.jpg
/disk_data/data/carvical/Cx22/patches/training/images/a369.jpg,/disk_data/data/carvical/Cx22/patches/training/masks/a369_cyto_ins.jpg
/disk_data/data/carvical/Cx22/patches/training/images/a343.jpg,/disk_data/data/carvical/Cx22/patches/training/masks/a343_cyto_ins.jpg
/disk_data/data/carvical/Cx22/patches/training/images/a179.jpg,/disk_data/data/carvical/Cx22/patches/training/masks/a179_cyto_ins.jpg
/disk_data/data/carvical/Cx22/patches/training/images/a309.jpg,/disk_data/data/carvical/Cx22/patches/training/masks/a309_cyto_ins.jpg
/disk_data/data/carvical/Cx22/patches/training/images/a270.jpg,/disk_data/data/carvical/Cx22/patches/training/masks/a270_cyto_ins.jpg
/disk_data/data/carvical/Cx22/patches/training/images/a140.jpg,/disk_data/data/carvical/Cx22/patches/training/masks/a140_cyto_ins.jpg
/disk_data/data/carvical/Cx22/patches/training/images/a255.jpg,/disk_data/data/carvical/Cx22/patches/training/masks/a255_cyto_ins.jpg
/disk_data/data/carvical/Cx22/patches/training/images/a260.jpg,/disk_data/data/carvical/Cx22/patches/training/masks/a260_cyto_ins.jpg
/disk_data/data/carvical/Cx22/patches/training/images/a51.jpg,/disk_data/data/carvical/Cx22/patches/training/masks/a51_cyto_ins.jpg
/disk_data/data/carvical/Cx22/patches/training/images/a124.jpg,/disk_data/data/carvical/Cx22/patches/training/masks/a124_cyto_ins.jpg
/disk_data/data/carvical/Cx22/patches/training/images/a333.jpg,/disk_data/data/carvical/Cx22/patches/training/masks/a333_cyto_ins.jpg
/disk_data/data/carvical/Cx22/patches/training/images/a109.jpg,/disk_data/data/carvical/Cx22/patches/training/masks/a109_cyto_ins.jpg
/disk_data/data/carvical/Cx22/patches/training/images/a8.jpg,/disk_data/data/carvical/Cx22/patches/training/masks/a8_cyto_ins.jpg
/disk_data/data/carvical/Cx22/patches/training/images/a93.jpg,/disk_data/data/carvical/Cx22/patches/training/masks/a93_cyto_ins.jpg
/disk_data/data/carvical/Cx22/patches/training/images/a129.jpg,/disk_data/data/carvical/Cx22/patches/training/masks/a129_cyto_ins.jpg
/disk_data/data/carvical/Cx22/patches/training/images/a289.jpg,/disk_data/data/carvical/Cx22/patches/training/masks/a289_cyto_ins.jpg
/disk_data/data/carvical/Cx22/patches/training/images/a40.jpg,/disk_data/data/carvical/Cx22/patches/training/masks/a40_cyto_ins.jpg
/disk_data/data/carvical/Cx22/patches/training/images/a102.jpg,/disk_data/data/carvical/Cx22/patches/training/masks/a102_cyto_ins.jpg
/disk_data/data/carvical/Cx22/patches/training/images/a170.jpg,/disk_data/data/carvical/Cx22/patches/training/masks/a170_cyto_ins.jpg
/disk_data/data/carvical/Cx22/patches/training/images/a359.jpg,/disk_data/data/carvical/Cx22/patches/training/masks/a359_cyto_ins.jpg
/disk_data/data/carvical/Cx22/patches/training/images/a286.jpg,/disk_data/data/carvical/Cx22/patches/training/masks/a286_cyto_ins.jpg
/disk_data/data/carvical/Cx22/patches/training/images/a305.jpg,/disk_data/data/carvical/Cx22/patches/training/masks/a305_cyto_ins.jpg
/disk_data/data/carvical/Cx22/patches/training/images/a251.jpg,/disk_data/data/carvical/Cx22/patches/training/masks/a251_cyto_ins.jpg
/disk_data/data/carvical/Cx22/patches/training/images/a355.jpg,/disk_data/data/carvical/Cx22/patches/training/masks/a355_cyto_ins.jpg
/disk_data/data/carvical/Cx22/patches/training/images/a56.jpg,/disk_data/data/carvical/Cx22/patches/training/masks/a56_cyto_ins.jpg
/disk_data/data/carvical/Cx22/patches/training/images/a341.jpg,/disk_data/data/carvical/Cx22/patches/training/masks/a341_cyto_ins.jpg
/disk_data/data/carvical/Cx22/patches/training/images/a57.jpg,/disk_data/data/carvical/Cx22/patches/training/masks/a57_cyto_ins.jpg
/disk_data/data/carvical/Cx22/patches/training/images/a220.jpg,/disk_data/data/carvical/Cx22/patches/training/masks/a220_cyto_ins.jpg
/disk_data/data/carvical/Cx22/patches/training/images/a147.jpg,/disk_data/data/carvical/Cx22/patches/training/masks/a147_cyto_ins.jpg
/disk_data/data/carvical/Cx22/patches/training/images/a380.jpg,/disk_data/data/carvical/Cx22/patches/training/masks/a380_cyto_ins.jpg
/disk_data/data/carvical/Cx22/patches/training/images/a91.jpg,/disk_data/data/carvical/Cx22/patches/training/masks/a91_cyto_ins.jpg
/disk_data/data/carvical/Cx22/patches/training/images/a274.jpg,/disk_data/data/carvical/Cx22/patches/training/masks/a274_cyto_ins.jpg
/disk_data/data/carvical/Cx22/patches/training/images/a387.jpg,/disk_data/data/carvical/Cx22/patches/training/masks/a387_cyto_ins.jpg
/disk_data/data/carvical/Cx22/patches/training/images/a14.jpg,/disk_data/data/carvical/Cx22/patches/training/masks/a14_cyto_ins.jpg
/disk_data/data/carvical/Cx22/patches/training/images/a32.jpg,/disk_data/data/carvical/Cx22/patches/training/masks/a32_cyto_ins.jpg
/disk_data/data/carvical/Cx22/patches/training/images/a307.jpg,/disk_data/data/carvical/Cx22/patches/training/masks/a307_cyto_ins.jpg
/disk_data/data/carvical/Cx22/patches/training/images/a362.jpg,/disk_data/data/carvical/Cx22/patches/training/masks/a362_cyto_ins.jpg
/disk_data/data/carvical/Cx22/patches/training/images/a285.jpg,/disk_data/data/carvical/Cx22/patches/training/masks/a285_cyto_ins.jpg
/disk_data/data/carvical/Cx22/patches/training/images/a59.jpg,/disk_data/data/carvical/Cx22/patches/training/masks/a59_cyto_ins.jpg
/disk_data/data/carvical/Cx22/patches/training/images/a334.jpg,/disk_data/data/carvical/Cx22/patches/training/masks/a334_cyto_ins.jpg
/disk_data/data/carvical/Cx22/patches/training/images/a198.jpg,/disk_data/data/carvical/Cx22/patches/training/masks/a198_cyto_ins.jpg
/disk_data/data/carvical/Cx22/patches/training/images/a267.jpg,/disk_data/data/carvical/Cx22/patches/training/masks/a267_cyto_ins.jpg
/disk_data/data/carvical/Cx22/patches/training/images/a19.jpg,/disk_data/data/carvical/Cx22/patches/training/masks/a19_cyto_ins.jpg
/disk_data/data/carvical/Cx22/patches/training/images/a241.jpg,/disk_data/data/carvical/Cx22/patches/training/masks/a241_cyto_ins.jpg
/disk_data/data/carvical/Cx22/patches/training/images/a153.jpg,/disk_data/data/carvical/Cx22/patches/training/masks/a153_cyto_ins.jpg
/disk_data/data/carvical/Cx22/patches/training/images/a327.jpg,/disk_data/data/carvical/Cx22/patches/training/masks/a327_cyto_ins.jpg
/disk_data/data/carvical/Cx22/patches/training/images/a5.jpg,/disk_data/data/carvical/Cx22/patches/training/masks/a5_cyto_ins.jpg
/disk_data/data/carvical/Cx22/patches/training/images/a117.jpg,/disk_data/data/carvical/Cx22/patches/training/masks/a117_cyto_ins.jpg
/disk_data/data/carvical/Cx22/patches/training/images/a205.jpg,/disk_data/data/carvical/Cx22/patches/training/masks/a205_cyto_ins.jpg
/disk_data/data/carvical/Cx22/patches/training/images/a60.jpg,/disk_data/data/carvical/Cx22/patches/training/masks/a60_cyto_ins.jpg
/disk_data/data/carvical/Cx22/patches/training/images/a372.jpg,/disk_data/data/carvical/Cx22/patches/training/masks/a372_cyto_ins.jpg
/disk_data/data/carvical/Cx22/patches/training/images/a169.jpg,/disk_data/data/carvical/Cx22/patches/training/masks/a169_cyto_ins.jpg
/disk_data/data/carvical/Cx22/patches/training/images/a161.jpg,/disk_data/data/carvical/Cx22/patches/training/masks/a161_cyto_ins.jpg
/disk_data/data/carvical/Cx22/patches/training/images/a146.jpg,/disk_data/data/carvical/Cx22/patches/training/masks/a146_cyto_ins.jpg
/disk_data/data/carvical/Cx22/patches/training/images/a154.jpg,/disk_data/data/carvical/Cx22/patches/training/masks/a154_cyto_ins.jpg
/disk_data/data/carvical/Cx22/patches/training/images/a61.jpg,/disk_data/data/carvical/Cx22/patches/training/masks/a61_cyto_ins.jpg
/disk_data/data/carvical/Cx22/patches/training/images/a141.jpg,/disk_data/data/carvical/Cx22/patches/training/masks/a141_cyto_ins.jpg
/disk_data/data/carvical/Cx22/patches/training/images/a199.jpg,/disk_data/data/carvical/Cx22/patches/training/masks/a199_cyto_ins.jpg
/disk_data/data/carvical/Cx22/patches/training/images/a175.jpg,/disk_data/data/carvical/Cx22/patches/training/masks/a175_cyto_ins.jpg
/disk_data/data/carvical/Cx22/patches/training/images/a221.jpg,/disk_data/data/carvical/Cx22/patches/training/masks/a221_cyto_ins.jpg
/disk_data/data/carvical/Cx22/patches/training/images/a49.jpg,/disk_data/data/carvical/Cx22/patches/training/masks/a49_cyto_ins.jpg
/disk_data/data/carvical/Cx22/patches/training/images/a211.jpg,/disk_data/data/carvical/Cx22/patches/training/masks/a211_cyto_ins.jpg
/disk_data/data/carvical/Cx22/patches/training/images/a191.jpg,/disk_data/data/carvical/Cx22/patches/training/masks/a191_cyto_ins.jpg
/disk_data/data/carvical/Cx22/patches/training/images/a107.jpg,/disk_data/data/carvical/Cx22/patches/training/masks/a107_cyto_ins.jpg
/disk_data/data/carvical/Cx22/patches/training/images/a24.jpg,/disk_data/data/carvical/Cx22/patches/training/masks/a24_cyto_ins.jpg
/disk_data/data/carvical/Cx22/patches/training/images/a41.jpg,/disk_data/data/carvical/Cx22/patches/training/masks/a41_cyto_ins.jpg
/disk_data/data/carvical/Cx22/patches/training/images/a156.jpg,/disk_data/data/carvical/Cx22/patches/training/masks/a156_cyto_ins.jpg
/disk_data/data/carvical/Cx22/patches/training/images/a245.jpg,/disk_data/data/carvical/Cx22/patches/training/masks/a245_cyto_ins.jpg
/disk_data/data/carvical/Cx22/patches/training/images/a202.jpg,/disk_data/data/carvical/Cx22/patches/training/masks/a202_cyto_ins.jpg
/disk_data/data/carvical/Cx22/patches/training/images/a26.jpg,/disk_data/data/carvical/Cx22/patches/training/masks/a26_cyto_ins.jpg
/disk_data/data/carvical/Cx22/patches/training/images/a53.jpg,/disk_data/data/carvical/Cx22/patches/training/masks/a53_cyto_ins.jpg
/disk_data/data/carvical/Cx22/patches/training/images/a203.jpg,/disk_data/data/carvical/Cx22/patches/training/masks/a203_cyto_ins.jpg
/disk_data/data/carvical/Cx22/patches/training/images/a10.jpg,/disk_data/data/carvical/Cx22/patches/training/masks/a10_cyto_ins.jpg
